Timestamp,Visibility Score,Fog Level,Alert Sent
2026-04-18 11:15:01,15.9,DENSE FOG,False
2026-04-18 11:15:03,15.7,DENSE FOG,False
2026-04-18 11:15:04,15.8,DENSE FOG,False
2026-04-18 11:15:05,15.7,DENSE FOG,False
2026-04-18 11:15:06,15.7,DENSE FOG,False
2026-04-18 11:15:07,15.7,DENSE FOG,False
2026-04-18 11:15:09,15.8,DENSE FOG,False
2026-04-18 11:15:10,15.7,DENSE FOG,False
2026-04-18 11:15:11,15.7,DENSE FOG,False
2026-04-18 11:15:13,15.9,DENSE FOG,False
2026-04-18 11:15:15,12.0,DENSE FOG,False
2026-04-18 11:15:16,16.2,DENSE FOG,False
2026-04-18 11:15:17,1.6,DENSE FOG,False
2026-04-18 11:15:18,0.9,DENSE FOG,False
2026-04-18 11:15:20,16.1,DENSE FOG,False
2026-04-18 11:15:21,16.0,DENSE FOG,False
2026-04-18 11:15:22,15.9,DENSE FOG,False
2026-04-18 11:15:23,15.6,DENSE FOG,False
2026-04-18 11:15:24,15.9,DENSE FOG,False
2026-04-18 11:15:25,15.9,DENSE FOG,False
2026-04-18 11:15:26,15.7,DENSE FOG,False
2026-04-18 11:15:27,15.4,DENSE FOG,False
2026-04-18 11:15:28,15.4,DENSE FOG,False
2026-04-18 11:15:29,15.5,DENSE FOG,False
2026-04-18 11:15:29,15.6,DENSE FOG,False
2026-04-18 11:15:30,15.5,DENSE FOG,False
2026-04-18 11:15:32,15.5,DENSE FOG,False
2026-04-18 11:16:46,16.1,DENSE FOG,False
2026-04-18 11:16:47,15.7,DENSE FOG,False
2026-04-18 11:16:47,15.7,DENSE FOG,False
2026-04-18 11:16:49,15.9,DENSE FOG,False
2026-04-18 11:16:50,16.1,DENSE FOG,False
2026-04-18 11:16:52,16.1,DENSE FOG,False
2026-04-18 11:16:53,16.2,DENSE FOG,False
2026-04-18 11:16:54,16.1,DENSE FOG,False
2026-04-18 11:16:55,16.0,DENSE FOG,False
2026-04-18 11:16:57,16.2,DENSE FOG,False
2026-04-18 11:16:57,16.1,DENSE FOG,False
2026-04-18 11:16:59,16.3,DENSE FOG,False
2026-04-18 11:17:00,16.3,DENSE FOG,False
2026-04-18 11:17:01,16.3,DENSE FOG,False
2026-04-18 11:17:02,16.3,DENSE FOG,False
2026-04-18 11:17:02,16.2,DENSE FOG,False
2026-04-18 11:17:03,16.1,DENSE FOG,False
2026-04-18 11:17:05,16.2,DENSE FOG,False
2026-04-18 11:17:06,15.8,DENSE FOG,False
2026-04-18 11:18:59,17.2,DENSE FOG,False
2026-04-18 11:18:59,17.1,DENSE FOG,False
2026-04-18 11:19:00,17.0,DENSE FOG,False
2026-04-18 11:19:00,16.9,DENSE FOG,False
2026-04-18 11:19:01,17.0,DENSE FOG,False
2026-04-18 11:19:01,16.9,DENSE FOG,False
2026-04-18 11:19:03,17.0,DENSE FOG,False
2026-04-18 11:19:04,17.0,DENSE FOG,False
2026-04-18 11:19:04,17.0,DENSE FOG,False
2026-04-18 11:19:05,17.0,DENSE FOG,False
2026-04-18 11:19:05,17.1,DENSE FOG,False
2026-04-18 11:19:06,17.2,DENSE FOG,False
2026-04-18 11:19:06,17.2,DENSE FOG,False
2026-04-18 11:19:07,17.1,DENSE FOG,False
2026-04-18 11:19:07,17.0,DENSE FOG,False
2026-04-18 11:19:08,16.7,DENSE FOG,False
2026-04-18 11:22:06,19.2,DENSE FOG,False
2026-04-18 11:22:06,18.7,DENSE FOG,False
2026-04-18 11:22:07,18.7,DENSE FOG,False
2026-04-18 11:22:07,18.6,DENSE FOG,False
2026-04-18 11:22:08,18.6,DENSE FOG,False
2026-04-18 11:22:08,18.5,DENSE FOG,False
2026-04-18 11:22:10,18.0,DENSE FOG,False
2026-04-18 11:22:11,17.6,DENSE FOG,False
2026-04-18 11:22:11,4.0,DENSE FOG,False
2026-04-18 11:22:12,1.0,DENSE FOG,False
2026-04-18 11:22:12,0.9,DENSE FOG,False
2026-04-18 11:22:13,0.9,DENSE FOG,False
2026-04-18 11:22:13,0.9,DENSE FOG,False
2026-04-18 11:22:14,0.9,DENSE FOG,False
2026-04-18 11:22:14,0.9,DENSE FOG,False
2026-04-18 11:22:15,14.6,DENSE FOG,False
2026-04-18 11:22:15,1.6,DENSE FOG,False
2026-04-18 11:22:16,9.5,DENSE FOG,False
2026-04-18 11:22:16,4.6,DENSE FOG,False
2026-04-18 11:22:17,10.8,DENSE FOG,False
2026-04-18 11:22:17,13.8,DENSE FOG,False
2026-04-18 11:22:18,3.1,DENSE FOG,False
2026-04-18 11:22:18,13.9,DENSE FOG,False
2026-04-18 11:22:19,13.8,DENSE FOG,False
2026-04-18 11:22:19,19.7,DENSE FOG,False
2026-04-18 11:22:20,17.9,DENSE FOG,False
2026-04-18 11:22:20,18.3,DENSE FOG,False
2026-04-18 11:22:21,19.8,DENSE FOG,False
2026-04-18 11:22:21,21.9,DENSE FOG,False
2026-04-18 11:22:22,21.8,DENSE FOG,False
2026-04-18 11:22:22,22.2,DENSE FOG,False
2026-04-18 11:22:23,21.2,DENSE FOG,False
2026-04-18 11:22:23,28.3,DENSE FOG,False
2026-04-18 11:22:24,30.3,DENSE FOG,False
2026-04-18 11:22:24,30.9,DENSE FOG,False
2026-04-18 11:22:25,40.4,MODERATE FOG,False
2026-04-18 11:22:25,38.1,DENSE FOG,False
2026-04-18 11:22:26,41.5,MODERATE FOG,False
2026-04-18 11:22:26,39.4,DENSE FOG,False
2026-04-18 11:22:27,40.0,MODERATE FOG,False
2026-04-18 11:22:27,33.9,DENSE FOG,False
2026-04-18 11:22:28,37.3,DENSE FOG,False
2026-04-18 11:22:28,30.6,DENSE FOG,False
2026-04-18 11:22:29,42.7,MODERATE FOG,False
2026-04-18 11:22:29,43.4,MODERATE FOG,False
2026-04-18 11:22:30,36.1,DENSE FOG,False
2026-04-18 11:22:30,34.8,DENSE FOG,False
2026-04-18 11:22:31,38.3,DENSE FOG,False
2026-04-18 11:22:31,36.5,DENSE FOG,False
2026-04-18 11:22:32,40.2,MODERATE FOG,False
2026-04-18 11:22:32,33.0,DENSE FOG,False
2026-04-18 11:22:33,44.0,MODERATE FOG,False
2026-04-18 11:22:33,52.0,MODERATE FOG,False
2026-04-18 11:22:34,40.3,MODERATE FOG,False
2026-04-18 11:22:34,40.1,MODERATE FOG,False
2026-04-18 11:22:35,49.2,MODERATE FOG,False
2026-04-18 11:22:35,54.5,MODERATE FOG,False
2026-04-18 11:22:36,46.4,MODERATE FOG,False
2026-04-18 11:22:36,49.0,MODERATE FOG,False
2026-04-18 11:22:37,38.8,DENSE FOG,False
2026-04-18 11:22:37,43.7,MODERATE FOG,False
2026-04-18 11:22:38,49.2,MODERATE FOG,False
2026-04-18 11:22:38,51.5,MODERATE FOG,False
2026-04-18 11:22:39,56.8,MODERATE FOG,False
2026-04-18 11:22:39,47.8,MODERATE FOG,False
2026-04-18 11:22:40,54.8,MODERATE FOG,False
2026-04-18 11:22:40,59.6,MODERATE FOG,False
2026-04-18 11:22:41,59.6,MODERATE FOG,False
2026-04-18 11:22:41,62.7,MODERATE FOG,False
2026-04-18 11:22:42,65.7,MODERATE FOG,False
2026-04-18 11:22:42,66.4,MODERATE FOG,False
2026-04-18 11:22:43,66.4,MODERATE FOG,False
2026-04-18 11:22:43,65.8,MODERATE FOG,False
2026-04-18 11:22:44,64.9,MODERATE FOG,False
2026-04-18 11:22:44,66.4,MODERATE FOG,False
2026-04-18 11:22:45,63.9,MODERATE FOG,False
2026-04-18 11:22:45,50.1,MODERATE FOG,False
2026-04-18 11:22:46,59.3,MODERATE FOG,False
2026-04-18 11:22:46,33.0,DENSE FOG,False
2026-04-18 11:22:47,41.1,MODERATE FOG,False
2026-04-18 11:22:47,44.1,MODERATE FOG,False
2026-04-18 11:22:48,41.4,MODERATE FOG,False
2026-04-18 11:22:48,35.1,DENSE FOG,False
2026-04-18 11:22:49,36.6,DENSE FOG,False
2026-04-18 11:22:49,39.1,DENSE FOG,False
2026-04-18 11:22:50,36.2,DENSE FOG,False
2026-04-18 11:22:50,38.4,DENSE FOG,False
2026-04-18 11:22:51,37.8,DENSE FOG,False
2026-04-18 11:22:51,37.1,DENSE FOG,False
2026-04-18 11:22:52,37.7,DENSE FOG,False
2026-04-18 11:26:18,49.6,MODERATE FOG
2026-04-18 11:26:19,37.9,DENSE FOG
2026-04-18 11:26:20,37.9,DENSE FOG
2026-04-18 11:26:22,37.9,DENSE FOG
2026-04-18 11:26:23,37.8,DENSE FOG
2026-04-18 11:26:24,38.1,DENSE FOG
2026-04-18 11:26:25,38.1,DENSE FOG
2026-04-18 11:26:26,37.7,DENSE FOG
2026-04-18 11:26:27,37.9,DENSE FOG
2026-04-18 11:26:28,37.9,DENSE FOG
2026-04-18 11:26:29,38.1,DENSE FOG
2026-04-18 11:26:30,1.8,DENSE FOG
2026-04-18 11:26:31,4.4,DENSE FOG
2026-04-18 11:26:32,3.9,DENSE FOG
2026-04-18 11:26:33,3.3,DENSE FOG
2026-04-18 11:26:34,38.8,DENSE FOG
2026-04-18 11:26:35,34.7,DENSE FOG
2026-04-18 11:26:36,4.1,DENSE FOG
2026-04-18 11:26:37,26.1,DENSE FOG
2026-04-18 11:26:38,40.7,MODERATE FOG
2026-04-18 11:26:39,40.2,MODERATE FOG
2026-04-18 11:26:40,35.3,DENSE FOG
2026-04-18 11:26:41,36.4,DENSE FOG
2026-04-18 11:26:42,38.3,DENSE FOG
2026-04-18 11:26:43,35.7,DENSE FOG
2026-04-18 11:26:44,36.5,DENSE FOG
2026-04-18 11:26:45,37.1,DENSE FOG
2026-04-18 11:26:46,0.4,DENSE FOG
2026-04-18 11:26:47,2.4,DENSE FOG
2026-04-18 11:26:48,31.2,DENSE FOG
2026-04-18 11:26:49,34.2,DENSE FOG
2026-04-18 11:26:50,34.5,DENSE FOG
2026-04-18 11:26:51,37.8,DENSE FOG
2026-04-18 11:26:52,35.1,DENSE FOG
2026-04-18 11:26:53,34.9,DENSE FOG
2026-04-18 11:26:55,35.2,DENSE FOG
2026-04-18 11:26:56,35.6,DENSE FOG
2026-04-18 11:26:57,35.4,DENSE FOG
2026-04-18 11:26:58,36.0,DENSE FOG
2026-04-18 11:26:59,40.4,MODERATE FOG
2026-04-18 11:27:00,38.5,DENSE FOG
2026-04-18 11:27:01,37.9,DENSE FOG
2026-04-18 11:27:02,37.7,DENSE FOG
2026-04-18 11:27:03,35.9,DENSE FOG
2026-04-18 11:27:04,37.5,DENSE FOG
2026-04-18 11:27:05,35.7,DENSE FOG
2026-04-18 11:27:06,36.1,DENSE FOG
2026-04-18 11:27:07,36.1,DENSE FOG
2026-04-18 11:27:08,36.6,DENSE FOG
2026-04-18 11:27:09,37.2,DENSE FOG
2026-04-18 11:27:10,38.2,DENSE FOG
2026-04-18 11:27:11,36.2,DENSE FOG
2026-04-18 11:27:12,36.0,DENSE FOG
2026-04-18 11:27:13,36.1,DENSE FOG
2026-04-18 11:27:14,36.0,DENSE FOG
2026-04-18 11:27:15,34.7,DENSE FOG
2026-04-18 11:27:16,38.3,DENSE FOG
2026-04-18 11:27:17,44.3,MODERATE FOG
2026-04-18 11:27:18,38.6,DENSE FOG
2026-04-18 11:27:19,33.5,DENSE FOG
2026-04-18 11:27:20,36.6,DENSE FOG
2026-04-18 11:27:21,36.7,DENSE FOG
2026-04-18 11:27:22,43.5,MODERATE FOG
2026-04-18 11:27:23,25.1,DENSE FOG
2026-04-18 11:27:24,34.4,DENSE FOG
2026-04-18 11:27:25,30.0,DENSE FOG
2026-04-18 11:27:26,34.4,DENSE FOG
2026-04-18 11:27:27,36.3,DENSE FOG
2026-04-18 11:27:28,34.2,DENSE FOG
2026-04-18 11:27:30,33.1,DENSE FOG
2026-04-18 11:27:31,35.7,DENSE FOG
2026-04-18 11:27:32,36.7,DENSE FOG
2026-04-18 11:27:33,35.9,DENSE FOG
2026-04-18 11:27:34,36.1,DENSE FOG
2026-04-18 11:27:35,35.5,DENSE FOG
2026-04-18 11:27:36,35.2,DENSE FOG
2026-04-18 11:27:37,38.4,DENSE FOG
2026-04-18 11:27:38,38.6,DENSE FOG
2026-04-18 11:27:39,36.9,DENSE FOG
2026-04-18 11:27:40,39.4,DENSE FOG
2026-04-18 11:27:41,38.0,DENSE FOG
2026-04-18 11:27:42,37.7,DENSE FOG
2026-04-18 11:27:43,32.0,DENSE FOG
2026-04-18 11:27:44,40.1,MODERATE FOG
2026-04-18 11:27:45,37.7,DENSE FOG
2026-04-18 11:27:46,37.9,DENSE FOG
2026-04-18 11:27:47,38.0,DENSE FOG
2026-04-18 11:27:48,40.7,MODERATE FOG
2026-04-18 11:27:49,37.7,DENSE FOG
2026-04-18 11:27:50,36.0,DENSE FOG
2026-04-18 11:27:51,37.7,DENSE FOG
2026-04-18 11:27:52,40.3,MODERATE FOG
2026-04-18 11:27:53,39.6,DENSE FOG
2026-04-18 11:27:54,37.6,DENSE FOG
2026-04-18 11:27:55,36.8,DENSE FOG
2026-04-18 11:27:56,39.0,DENSE FOG
2026-04-18 11:27:57,39.5,DENSE FOG
2026-04-18 11:27:58,36.9,DENSE FOG
2026-04-18 11:27:59,36.9,DENSE FOG
2026-04-18 11:28:00,36.7,DENSE FOG
2026-04-18 11:28:01,36.7,DENSE FOG
2026-04-18 11:28:02,36.2,DENSE FOG
2026-04-18 11:28:03,37.9,DENSE FOG
2026-04-18 11:28:04,38.1,DENSE FOG
2026-04-18 11:28:06,37.4,DENSE FOG
2026-04-18 11:28:07,36.9,DENSE FOG
2026-04-18 11:28:08,36.8,DENSE FOG
2026-04-18 11:28:09,37.0,DENSE FOG
2026-04-18 11:28:10,36.9,DENSE FOG
2026-04-18 11:28:11,37.2,DENSE FOG
2026-04-18 11:28:12,37.0,DENSE FOG
2026-04-18 11:28:13,36.9,DENSE FOG
2026-04-18 11:28:14,36.7,DENSE FOG
2026-04-18 11:28:15,36.5,DENSE FOG
2026-04-18 11:28:16,36.1,DENSE FOG
2026-04-18 11:28:17,36.0,DENSE FOG
2026-04-18 11:28:18,35.9,DENSE FOG
2026-04-18 11:28:19,36.0,DENSE FOG
2026-04-18 11:28:20,35.8,DENSE FOG
2026-04-18 11:28:21,35.6,DENSE FOG
2026-04-18 11:28:22,36.2,DENSE FOG
2026-04-18 11:28:23,36.5,DENSE FOG
2026-04-18 11:28:24,36.5,DENSE FOG
2026-04-18 11:28:25,36.5,DENSE FOG
2026-04-18 11:28:26,36.5,DENSE FOG
2026-04-18 11:28:27,36.5,DENSE FOG
2026-04-18 11:28:28,36.2,DENSE FOG
2026-04-18 11:28:29,36.4,DENSE FOG
2026-04-18 11:28:30,36.2,DENSE FOG
2026-04-18 11:28:31,35.9,DENSE FOG
2026-04-18 11:28:32,42.9,MODERATE FOG
2026-04-18 11:28:33,41.6,MODERATE FOG
2026-04-18 11:28:34,41.0,MODERATE FOG
2026-04-18 11:28:35,40.5,MODERATE FOG
2026-04-18 11:28:36,40.3,MODERATE FOG
2026-04-18 11:28:37,40.3,MODERATE FOG
2026-04-18 11:28:38,39.1,DENSE FOG
2026-04-18 11:28:39,34.2,DENSE FOG
2026-04-18 11:28:40,33.8,DENSE FOG
2026-04-18 11:28:42,36.5,DENSE FOG
2026-04-18 11:28:43,35.3,DENSE FOG
2026-04-18 11:28:44,34.9,DENSE FOG
2026-04-18 11:28:45,34.9,DENSE FOG
2026-04-18 11:28:46,38.9,DENSE FOG
2026-04-18 11:28:47,38.9,DENSE FOG
2026-04-18 11:28:48,36.7,DENSE FOG
2026-04-18 11:28:49,35.9,DENSE FOG
2026-04-18 11:28:50,36.5,DENSE FOG
2026-04-18 11:28:51,41.9,MODERATE FOG
2026-04-18 11:28:52,37.1,DENSE FOG
2026-04-18 11:28:53,36.7,DENSE FOG
2026-04-18 11:28:54,36.9,DENSE FOG
2026-04-18 11:28:55,34.2,DENSE FOG
2026-04-18 11:28:56,34.3,DENSE FOG
2026-04-18 11:28:57,36.0,DENSE FOG
2026-04-18 11:28:58,35.9,DENSE FOG
2026-04-18 11:28:59,36.7,DENSE FOG
2026-04-18 11:29:00,35.9,DENSE FOG
2026-04-18 11:29:01,36.0,DENSE FOG
2026-04-18 11:29:02,37.0,DENSE FOG
2026-04-18 11:29:03,36.9,DENSE FOG
2026-04-18 11:29:04,36.4,DENSE FOG
2026-04-18 11:29:05,36.9,DENSE FOG
2026-04-18 11:29:06,36.8,DENSE FOG
2026-04-18 11:29:07,36.8,DENSE FOG
2026-04-18 11:29:08,36.2,DENSE FOG
2026-04-18 11:29:09,36.3,DENSE FOG
2026-04-18 11:29:10,36.2,DENSE FOG
2026-04-18 11:29:11,36.7,DENSE FOG
2026-04-18 11:29:12,35.8,DENSE FOG
2026-04-18 11:29:13,37.7,DENSE FOG
2026-04-18 11:29:14,34.3,DENSE FOG
2026-04-18 11:29:15,34.5,DENSE FOG
2026-04-18 11:29:16,34.8,DENSE FOG
2026-04-18 11:29:18,33.6,DENSE FOG
2026-04-18 11:29:19,36.3,DENSE FOG
2026-04-18 11:29:20,34.6,DENSE FOG
2026-04-18 11:29:21,34.4,DENSE FOG
2026-04-18 11:29:22,34.5,DENSE FOG
2026-04-18 11:29:23,34.7,DENSE FOG
2026-04-18 11:29:24,34.8,DENSE FOG
2026-04-18 11:29:25,36.4,DENSE FOG
2026-04-18 11:29:26,37.2,DENSE FOG
2026-04-18 11:29:27,36.6,DENSE FOG
2026-04-18 11:29:28,36.6,DENSE FOG
2026-04-18 11:29:29,36.6,DENSE FOG
2026-04-18 11:29:30,36.6,DENSE FOG
2026-04-18 11:29:31,36.6,DENSE FOG
2026-04-18 11:29:32,36.6,DENSE FOG
2026-04-18 11:29:33,36.6,DENSE FOG
2026-04-18 11:29:34,36.4,DENSE FOG
2026-04-18 11:29:35,36.2,DENSE FOG
2026-04-18 11:29:36,36.1,DENSE FOG
2026-04-18 11:29:37,36.0,DENSE FOG
2026-04-18 11:29:38,36.2,DENSE FOG
2026-04-18 11:29:39,36.4,DENSE FOG
2026-04-18 11:29:40,43.7,MODERATE FOG
2026-04-18 11:29:41,42.9,MODERATE FOG
2026-04-18 11:29:42,40.8,MODERATE FOG
2026-04-18 11:29:43,44.0,MODERATE FOG
2026-04-18 11:29:44,41.0,MODERATE FOG
2026-04-18 11:29:45,40.9,MODERATE FOG
2026-04-18 11:29:46,40.9,MODERATE FOG
2026-04-18 11:29:47,40.7,MODERATE FOG
2026-04-18 11:29:48,40.5,MODERATE FOG
2026-04-18 11:29:49,40.4,MODERATE FOG
2026-04-18 11:29:50,40.4,MODERATE FOG
2026-04-18 11:29:51,40.5,MODERATE FOG
2026-04-18 11:29:52,40.3,MODERATE FOG
2026-04-18 11:29:53,40.4,MODERATE FOG
2026-04-18 11:29:55,40.4,MODERATE FOG
2026-04-18 11:29:56,40.3,MODERATE FOG
2026-04-18 11:29:57,40.4,MODERATE FOG
2026-04-18 11:29:58,45.3,MODERATE FOG
2026-04-18 11:29:59,44.0,MODERATE FOG
2026-04-18 11:30:00,42.7,MODERATE FOG
2026-04-18 11:30:01,42.6,MODERATE FOG
2026-04-18 11:30:02,43.0,MODERATE FOG
2026-04-18 11:30:03,44.6,MODERATE FOG
2026-04-18 11:30:04,44.2,MODERATE FOG
2026-04-18 11:30:05,44.1,MODERATE FOG
2026-04-18 11:30:06,46.6,MODERATE FOG
2026-04-18 11:30:07,45.1,MODERATE FOG
2026-04-18 11:30:08,44.9,MODERATE FOG
2026-04-18 11:30:09,46.2,MODERATE FOG
2026-04-18 11:30:10,44.3,MODERATE FOG
2026-04-18 11:30:11,39.2,DENSE FOG
2026-04-18 11:30:12,38.5,DENSE FOG
2026-04-18 11:30:13,38.1,DENSE FOG
2026-04-18 11:30:14,40.9,MODERATE FOG
2026-04-18 11:30:15,37.0,DENSE FOG
2026-04-18 11:30:16,34.0,DENSE FOG
2026-04-18 11:30:17,36.4,DENSE FOG
2026-04-18 11:30:18,36.2,DENSE FOG
2026-04-18 11:30:19,44.8,MODERATE FOG
2026-04-18 11:30:20,42.0,MODERATE FOG
2026-04-18 11:30:21,41.0,MODERATE FOG
2026-04-18 11:30:22,42.6,MODERATE FOG
2026-04-18 11:30:23,42.6,MODERATE FOG
2026-04-18 11:30:24,39.3,DENSE FOG
2026-04-18 11:30:25,36.1,DENSE FOG
2026-04-18 11:30:26,35.3,DENSE FOG
2026-04-18 11:30:27,34.7,DENSE FOG
2026-04-18 11:30:28,34.5,DENSE FOG
2026-04-18 11:30:30,34.8,DENSE FOG
2026-04-18 11:30:31,34.4,DENSE FOG
2026-04-18 11:30:32,34.6,DENSE FOG
2026-04-18 11:30:33,34.7,DENSE FOG
2026-04-18 11:30:34,34.4,DENSE FOG
2026-04-18 11:30:35,34.0,DENSE FOG
2026-04-18 11:30:36,34.2,DENSE FOG
2026-04-18 11:30:37,34.4,DENSE FOG
2026-04-18 11:30:38,34.2,DENSE FOG
2026-04-18 11:30:39,34.4,DENSE FOG
2026-04-18 11:30:40,34.6,DENSE FOG
2026-04-18 11:30:41,34.4,DENSE FOG
2026-04-18 11:30:42,33.4,DENSE FOG
2026-04-18 11:30:43,31.0,DENSE FOG
2026-04-18 11:30:44,32.6,DENSE FOG
2026-04-18 11:30:45,32.9,DENSE FOG
2026-04-18 11:30:46,31.8,DENSE FOG
2026-04-18 11:30:47,38.8,DENSE FOG
2026-04-18 11:30:48,37.7,DENSE FOG
2026-04-18 11:30:49,37.6,DENSE FOG
2026-04-18 11:30:50,37.6,DENSE FOG
2026-04-18 11:30:51,37.3,DENSE FOG
2026-04-18 11:30:52,37.2,DENSE FOG
2026-04-18 11:30:53,39.7,DENSE FOG
2026-04-18 11:30:54,37.6,DENSE FOG
2026-04-18 11:30:55,39.5,DENSE FOG
2026-04-18 11:30:56,38.9,DENSE FOG
2026-04-18 11:30:57,38.7,DENSE FOG
2026-04-18 11:30:58,38.9,DENSE FOG
2026-04-18 11:30:59,38.5,DENSE FOG
2026-04-18 11:31:00,38.4,DENSE FOG
2026-04-18 11:31:01,38.7,DENSE FOG
2026-04-18 11:31:02,39.3,DENSE FOG
2026-04-18 11:31:03,39.4,DENSE FOG
2026-04-18 11:52:31,28.0,DENSE FOG,False
2026-04-18 11:52:32,27.2,DENSE FOG,False
2026-04-18 11:52:32,27.2,DENSE FOG,False
2026-04-18 11:52:34,30.3,DENSE FOG,False
2026-04-18 11:52:34,29.3,DENSE FOG,False
2026-04-18 11:52:35,29.0,DENSE FOG,False
2026-04-18 11:52:35,31.2,DENSE FOG,False
2026-04-18 11:52:36,30.4,DENSE FOG,False
2026-04-18 11:52:36,29.6,DENSE FOG,False
2026-04-18 11:52:37,29.5,DENSE FOG,False
2026-04-18 11:52:37,30.2,DENSE FOG,False
2026-04-18 11:52:38,29.4,DENSE FOG,False
2026-04-18 11:52:38,29.5,DENSE FOG,False
2026-04-18 11:52:39,29.0,DENSE FOG,False
2026-04-18 11:52:39,28.7,DENSE FOG,False
2026-04-18 11:52:40,29.1,DENSE FOG,False
2026-04-18 11:52:40,29.3,DENSE FOG,False
2026-04-18 11:52:41,29.2,DENSE FOG,False
2026-04-18 11:52:41,29.1,DENSE FOG,False
2026-04-18 11:52:42,29.1,DENSE FOG,False
2026-04-18 11:52:42,29.2,DENSE FOG,False
2026-04-18 11:52:43,29.3,DENSE FOG,False
2026-04-18 11:52:43,29.3,DENSE FOG,False
2026-04-18 11:52:44,29.3,DENSE FOG,False
2026-04-18 11:52:44,29.4,DENSE FOG,False
2026-04-18 11:52:45,29.3,DENSE FOG,False
2026-04-18 11:52:45,29.0,DENSE FOG,False
2026-04-18 11:52:46,29.1,DENSE FOG,False
2026-04-18 11:52:46,28.9,DENSE FOG,False
2026-04-18 11:52:47,29.0,DENSE FOG,False
2026-04-18 11:52:47,28.9,DENSE FOG,False
2026-04-18 11:52:48,29.0,DENSE FOG,False
2026-04-18 11:52:48,29.3,DENSE FOG,False
2026-04-18 11:52:49,29.5,DENSE FOG,False
2026-04-18 11:52:49,38.4,DENSE FOG,False
2026-04-18 11:52:50,41.8,MODERATE FOG,False
2026-04-18 11:52:50,41.9,MODERATE FOG,False
2026-04-18 11:52:51,43.4,MODERATE FOG,False
2026-04-18 11:52:51,38.9,DENSE FOG,False
2026-04-18 11:52:52,40.8,MODERATE FOG,False
2026-04-18 11:52:52,39.4,DENSE FOG,False
2026-04-18 11:52:53,44.5,MODERATE FOG,False
2026-04-18 11:52:53,42.3,MODERATE FOG,False
2026-04-18 11:52:54,43.3,MODERATE FOG,False
2026-04-18 11:52:54,43.5,MODERATE FOG,False
2026-04-18 11:52:55,41.0,MODERATE FOG,False
2026-04-18 11:52:55,51.3,MODERATE FOG,False
2026-04-18 11:52:56,46.8,MODERATE FOG,False
2026-04-18 11:52:56,58.2,MODERATE FOG,False
2026-04-18 11:52:57,40.1,MODERATE FOG,False
2026-04-18 11:52:57,41.2,MODERATE FOG,False
2026-04-18 11:52:58,41.4,MODERATE FOG,False
2026-04-18 11:52:58,22.1,DENSE FOG,False
2026-04-18 11:52:59,19.1,DENSE FOG,False
2026-04-18 11:52:59,25.4,DENSE FOG,False
2026-04-18 11:53:00,33.3,DENSE FOG,False
2026-04-18 11:53:00,29.0,DENSE FOG,False
2026-04-18 11:53:01,35.3,DENSE FOG,False
2026-04-18 11:53:01,28.3,DENSE FOG,False
2026-04-18 11:53:02,27.1,DENSE FOG,False
2026-04-18 11:53:02,27.6,DENSE FOG,False
2026-04-18 11:53:03,28.8,DENSE FOG,False
2026-04-18 11:53:03,29.7,DENSE FOG,False
2026-04-18 11:53:04,28.8,DENSE FOG,False
2026-04-18 11:53:04,28.9,DENSE FOG,False
2026-04-18 11:53:05,29.1,DENSE FOG,False
2026-04-18 11:53:05,29.0,DENSE FOG,False
2026-04-18 11:53:06,29.1,DENSE FOG,False
2026-04-18 11:53:06,29.0,DENSE FOG,False
2026-04-18 11:53:07,28.9,DENSE FOG,False
2026-04-18 11:53:07,29.1,DENSE FOG,False
2026-04-18 11:53:08,28.9,DENSE FOG,False
2026-04-18 11:53:08,28.9,DENSE FOG,False
2026-04-18 11:53:09,29.0,DENSE FOG,False
2026-04-18 11:53:09,29.0,DENSE FOG,False
2026-04-18 11:53:10,29.1,DENSE FOG,False
2026-04-18 11:53:10,29.0,DENSE FOG,False
2026-04-18 11:53:11,29.0,DENSE FOG,False
2026-04-18 11:53:11,29.1,DENSE FOG,False
2026-04-18 11:53:12,29.1,DENSE FOG,False
2026-04-18 11:53:12,37.3,DENSE FOG,False
2026-04-18 11:53:13,45.1,MODERATE FOG,False
2026-04-18 11:53:13,62.4,MODERATE FOG,False
2026-04-18 11:53:14,15.1,DENSE FOG,False
2026-04-18 11:53:14,28.3,DENSE FOG,False
2026-04-18 11:53:15,27.6,DENSE FOG,False
2026-04-18 11:53:15,47.9,MODERATE FOG,False
2026-04-18 11:53:16,50.1,MODERATE FOG,False
2026-04-18 11:53:16,48.8,MODERATE FOG,False
2026-04-18 11:53:17,58.0,MODERATE FOG,False
2026-04-18 11:53:17,56.9,MODERATE FOG,False
2026-04-18 11:53:18,47.9,MODERATE FOG,False
2026-04-18 11:53:18,47.3,MODERATE FOG,False
2026-04-18 11:53:19,50.6,MODERATE FOG,False
2026-04-18 11:53:19,48.1,MODERATE FOG,False
2026-04-18 11:53:20,61.0,MODERATE FOG,False
2026-04-18 11:53:20,62.2,MODERATE FOG,False
2026-04-18 11:53:21,68.9,MODERATE FOG,False
2026-04-18 11:53:21,66.3,MODERATE FOG,False
2026-04-18 11:53:22,74.3,CLEAR,False
2026-04-18 11:53:22,72.6,CLEAR,False
2026-04-18 11:53:23,69.9,MODERATE FOG,False
2026-04-18 11:53:23,70.8,CLEAR,False
2026-04-18 11:53:24,71.3,CLEAR,False
2026-04-18 11:53:24,69.7,MODERATE FOG,False
2026-04-18 11:53:25,68.6,MODERATE FOG,False
2026-04-18 11:53:25,64.7,MODERATE FOG,False
2026-04-18 11:53:26,58.6,MODERATE FOG,False
2026-04-18 11:53:26,53.3,MODERATE FOG,False
2026-04-18 11:53:27,31.5,DENSE FOG,False
2026-04-18 11:53:27,27.3,DENSE FOG,False
2026-04-18 11:53:28,26.7,DENSE FOG,False
2026-04-18 11:53:28,28.2,DENSE FOG,False
2026-04-18 11:53:29,28.9,DENSE FOG,False
2026-04-18 11:53:29,29.6,DENSE FOG,False
2026-04-18 11:53:30,28.6,DENSE FOG,False
2026-04-18 11:53:30,28.6,DENSE FOG,False
2026-04-18 11:53:31,28.7,DENSE FOG,False
2026-04-18 11:53:31,28.7,DENSE FOG,False
2026-04-18 11:53:32,28.6,DENSE FOG,False
2026-04-18 11:53:32,28.5,DENSE FOG,False
2026-04-18 11:53:33,28.6,DENSE FOG,False
2026-04-18 11:53:33,28.7,DENSE FOG,False
2026-04-18 11:53:34,28.5,DENSE FOG,False
2026-04-18 11:53:34,28.7,DENSE FOG,False
2026-04-18 11:53:35,28.6,DENSE FOG,False
2026-04-18 11:53:35,28.5,DENSE FOG,False
2026-04-18 11:53:36,28.6,DENSE FOG,False
2026-04-18 11:53:36,28.7,DENSE FOG,False
2026-04-18 11:53:37,28.4,DENSE FOG,False
2026-04-18 11:53:37,28.5,DENSE FOG,False
2026-04-18 11:53:38,32.1,DENSE FOG,False
2026-04-18 11:53:38,44.9,MODERATE FOG,False
2026-04-18 11:53:39,50.8,MODERATE FOG,False
2026-04-18 11:53:39,53.3,MODERATE FOG,False
2026-04-18 11:53:40,45.4,MODERATE FOG,False
2026-04-18 11:53:40,45.6,MODERATE FOG,False
2026-04-18 11:53:41,45.0,MODERATE FOG,False
2026-04-18 11:53:41,37.9,DENSE FOG,False
2026-04-18 11:53:42,37.3,DENSE FOG,False
2026-04-18 11:53:42,44.3,MODERATE FOG,False
2026-04-18 11:53:43,45.7,MODERATE FOG,False
2026-04-18 11:53:43,48.7,MODERATE FOG,False
2026-04-18 11:53:44,45.9,MODERATE FOG,False
2026-04-18 11:53:44,46.5,MODERATE FOG,False
2026-04-18 11:53:45,43.2,MODERATE FOG,False
2026-04-18 11:53:45,44.0,MODERATE FOG,False
2026-04-18 11:53:46,41.0,MODERATE FOG,False
2026-04-18 11:53:46,37.7,DENSE FOG,False
2026-04-18 11:53:47,39.8,DENSE FOG,False
2026-04-18 11:53:47,46.3,MODERATE FOG,False
2026-04-18 11:53:48,48.1,MODERATE FOG,False
2026-04-18 11:53:48,47.1,MODERATE FOG,False
2026-04-18 11:53:49,47.7,MODERATE FOG,False
2026-04-18 11:53:49,47.1,MODERATE FOG,False
2026-04-18 11:53:50,42.0,MODERATE FOG,False
2026-04-18 11:53:50,37.7,DENSE FOG,False
2026-04-18 11:53:51,32.7,DENSE FOG,False
2026-04-18 11:53:51,35.8,DENSE FOG,False
2026-04-18 11:53:52,37.5,DENSE FOG,False
2026-04-18 11:53:52,37.2,DENSE FOG,False
2026-04-18 11:53:53,38.7,DENSE FOG,False
2026-04-18 11:53:53,37.6,DENSE FOG,False
2026-04-18 11:53:54,37.2,DENSE FOG,False
2026-04-18 11:53:54,35.4,DENSE FOG,False
2026-04-18 11:53:55,36.1,DENSE FOG,False
2026-04-18 11:53:55,34.4,DENSE FOG,False
2026-04-18 11:53:56,37.4,DENSE FOG,False
2026-04-18 11:53:56,36.3,DENSE FOG,False
2026-04-18 11:53:57,20.8,DENSE FOG,False
2026-04-18 11:53:57,27.1,DENSE FOG,False
2026-04-18 11:53:58,26.7,DENSE FOG,False
2026-04-18 11:53:58,28.1,DENSE FOG,False
2026-04-18 11:53:59,28.5,DENSE FOG,False
2026-04-18 11:53:59,28.2,DENSE FOG,False
2026-04-18 11:54:00,28.2,DENSE FOG,False
2026-04-18 11:54:00,28.5,DENSE FOG,False
2026-04-18 11:54:01,27.7,DENSE FOG,False
2026-04-18 11:54:01,27.8,DENSE FOG,False
2026-04-18 11:54:02,28.2,DENSE FOG,False
2026-04-18 11:54:02,28.6,DENSE FOG,False
2026-04-18 11:54:03,28.3,DENSE FOG,False
2026-04-18 11:54:03,28.2,DENSE FOG,False
2026-04-18 11:54:04,28.3,DENSE FOG,False
2026-04-18 11:54:04,28.1,DENSE FOG,False
2026-04-18 11:54:05,28.2,DENSE FOG,False
2026-04-18 11:54:05,28.2,DENSE FOG,False
2026-04-18 11:54:06,27.9,DENSE FOG,False
2026-04-18 11:54:07,27.8,DENSE FOG,False
2026-04-18 11:54:07,28.9,DENSE FOG,False
2026-04-18 11:54:08,29.5,DENSE FOG,False
2026-04-18 11:54:08,29.6,DENSE FOG,False
2026-04-18 11:54:09,29.4,DENSE FOG,False
2026-04-18 11:54:09,29.5,DENSE FOG,False
2026-04-18 11:54:10,29.6,DENSE FOG,False
2026-04-18 11:54:10,29.5,DENSE FOG,False
2026-04-18 11:54:11,29.6,DENSE FOG,False
2026-04-18 11:54:11,29.3,DENSE FOG,False
2026-04-18 11:54:12,29.2,DENSE FOG,False
2026-04-18 11:54:12,29.2,DENSE FOG,False
2026-04-18 11:54:13,29.2,DENSE FOG,False
2026-04-18 11:54:13,29.3,DENSE FOG,False
2026-04-18 11:54:14,29.5,DENSE FOG,False
2026-04-18 11:54:14,29.2,DENSE FOG,False
2026-04-18 11:54:15,28.3,DENSE FOG,False
2026-04-18 11:54:15,29.3,DENSE FOG,False
2026-04-18 11:54:16,28.8,DENSE FOG,False
2026-04-18 11:54:17,28.9,DENSE FOG,False
2026-04-18 11:54:17,28.9,DENSE FOG,False
2026-04-18 11:56:08,33.8,DENSE FOG
2026-04-18 11:56:09,27.5,DENSE FOG
2026-04-18 11:56:10,29.0,DENSE FOG
2026-04-18 11:56:11,28.7,DENSE FOG
2026-04-18 11:56:12,29.0,DENSE FOG
2026-04-18 11:56:13,29.0,DENSE FOG
2026-04-18 11:56:14,29.1,DENSE FOG
2026-04-18 11:56:15,29.1,DENSE FOG
2026-04-18 11:56:16,29.1,DENSE FOG
2026-04-18 11:56:17,29.1,DENSE FOG
2026-04-18 11:56:18,29.0,DENSE FOG
2026-04-18 11:56:19,28.5,DENSE FOG
2026-04-18 11:56:20,28.8,DENSE FOG
2026-04-18 11:56:21,28.9,DENSE FOG
2026-04-18 11:56:22,29.4,DENSE FOG
2026-04-18 11:56:23,31.6,DENSE FOG
2026-04-18 11:56:24,40.7,MODERATE FOG
2026-04-18 11:56:25,40.7,MODERATE FOG
2026-04-18 11:56:26,39.0,DENSE FOG
2026-04-18 11:56:28,52.9,MODERATE FOG
2026-04-18 11:56:29,48.9,MODERATE FOG
2026-04-18 11:56:30,33.1,DENSE FOG
2026-04-18 11:56:31,21.0,DENSE FOG
2026-04-18 11:56:32,34.4,DENSE FOG
2026-04-18 11:56:33,48.6,MODERATE FOG
2026-04-18 11:56:34,49.9,MODERATE FOG
2026-04-18 11:56:35,27.6,DENSE FOG
2026-04-18 11:56:36,28.9,DENSE FOG
2026-04-18 11:56:37,28.9,DENSE FOG
2026-04-18 11:56:38,28.6,DENSE FOG
2026-04-18 11:56:39,28.8,DENSE FOG
2026-04-18 11:56:40,28.8,DENSE FOG
2026-04-18 11:56:41,28.8,DENSE FOG
2026-04-18 11:56:42,28.8,DENSE FOG
2026-04-18 11:56:43,28.9,DENSE FOG
2026-04-18 11:56:44,28.8,DENSE FOG
2026-04-18 11:56:45,29.4,DENSE FOG
2026-04-18 11:56:46,29.4,DENSE FOG
2026-04-18 11:56:47,28.3,DENSE FOG
2026-04-18 11:56:48,28.6,DENSE FOG
2026-04-18 11:56:49,28.9,DENSE FOG
2026-04-18 11:56:50,28.6,DENSE FOG
2026-04-18 11:56:51,28.7,DENSE FOG
2026-04-18 11:56:52,28.9,DENSE FOG
2026-04-18 11:56:53,28.8,DENSE FOG
2026-04-18 11:56:54,28.7,DENSE FOG
2026-04-18 11:56:55,28.8,DENSE FOG
2026-04-18 11:56:56,29.0,DENSE FOG
2026-04-18 11:56:57,28.9,DENSE FOG
2026-04-18 11:56:58,28.9,DENSE FOG
2026-04-18 11:56:59,28.9,DENSE FOG
2026-04-18 11:57:00,29.0,DENSE FOG
2026-04-18 11:57:01,29.1,DENSE FOG
2026-04-18 11:57:02,28.8,DENSE FOG
2026-04-18 11:57:03,28.7,DENSE FOG
2026-04-18 11:57:04,28.6,DENSE FOG
2026-04-18 11:57:05,29.1,DENSE FOG
2026-04-18 11:57:06,28.9,DENSE FOG
2026-04-18 11:57:07,28.5,DENSE FOG
2026-04-18 11:57:08,28.9,DENSE FOG
2026-04-18 11:57:09,28.8,DENSE FOG
2026-04-18 11:57:10,28.9,DENSE FOG
2026-04-18 11:57:11,28.8,DENSE FOG
2026-04-18 11:57:12,28.8,DENSE FOG
2026-04-18 11:57:13,28.9,DENSE FOG
2026-04-18 11:57:14,30.6,DENSE FOG
2026-04-18 11:57:16,28.8,DENSE FOG
2026-04-18 11:57:17,28.7,DENSE FOG
2026-04-18 11:57:18,28.9,DENSE FOG
2026-04-18 11:57:19,28.9,DENSE FOG
2026-04-18 11:57:20,28.9,DENSE FOG
2026-04-18 11:57:21,29.2,DENSE FOG
2026-04-18 11:57:22,29.1,DENSE FOG
2026-04-18 11:57:23,29.1,DENSE FOG
2026-04-18 11:57:24,28.6,DENSE FOG
2026-04-18 11:57:25,28.7,DENSE FOG
2026-04-18 11:57:26,28.9,DENSE FOG
2026-04-18 11:57:27,28.8,DENSE FOG
2026-04-18 11:57:28,28.7,DENSE FOG
2026-04-18 11:57:29,28.9,DENSE FOG
